roommates,starting_budget_per_person,active_stock_bucket,decisions,mean_active_socks_per_person,greedy_focal_embarrassment_per_day,selected_focal_embarrassment_per_day,greedy_other_average_per_day,selected_other_average_per_day,margin_gain_per_day,focal_delta_per_day,other_delta_per_day,main_below_other_pct,selected_discards_pct,selected_closest_pair_pct,heldout_self_safe_pct,heldout_self_safe_and_others_worse_pct
2,$0,10+ socks/person,217,14.976958525345623,2.465766951942067,2.5569453587886763,2.221856484529296,2.307768268597762,-0.005266622778143512,0.09117840684660962,0.0859117840684661,37.327188940092164,60.36866359447004,93.08755760368663,67.74193548387096,17.51152073732719
2,$0,2-<4 socks/person,5,3.0,13126.385714285712,17808.72857142857,6581.928571428571,13127.814285714285,1863.5428571428572,4682.342857142858,6545.885714285714,40.0,20.0,80.0,80.0,0.0
2,$0,4-<6 socks/person,7,4.785714285714286,2021.8367346938776,2021.204081632653,1352.8367346938776,2022.5204081632653,670.3163265306123,-0.6326530612245269,669.6836734693877,42.857142857142854,71.42857142857143,71.42857142857143,71.42857142857143,28.571428571428573
2,$0,6-<10 socks/person,23,7.869565217391305,7.7981366459627335,8.751552795031058,8.26086956521739,7.531055900621118,-1.683229813664596,0.9534161490683231,-0.7298136645962733,47.82608695652174,73.91304347826087,78.26086956521739,52.17391304347826,13.043478260869565
2,$0,<2 socks/person,3,1.0,29705.023809523806,29705.023809523806,39056.78571428572,39056.78571428572,0.0,0.0,0.0,66.66666666666667,0.0,100.0,100.0,0.0
2,$100,10+ socks/person,150,15.303333333333333,1.826190476190477,1.8200000000000003,1.7371428571428578,1.647142857142858,-0.08380952380952385,-0.006190476190476168,-0.09000000000000008,36.0,60.666666666666664,96.0,77.33333333333333,12.0
2,$100,2-<4 socks/person,7,2.642857142857143,20096.84693877551,21450.408163265307,22084.64285714286,20087.61224489796,-3350.5918367346935,1353.561224489796,-1997.0306122448983,28.571428571428573,42.857142857142854,28.571428571428573,42.857142857142854,14.285714285714286
2,$100,4-<6 socks/person,11,5.2727272727272725,7.987012987012986,8.48051948051948,9.318181818181818,8.64935064935065,-1.1623376623376622,0.4935064935064935,-0.6688311688311688,18.181818181818183,54.54545454545455,90.9090909090909,81.81818181818181,0.0
2,$100,6-<10 socks/person,86,7.906976744186046,2.656976744186047,2.8612956810631234,3.014119601328903,2.812292358803987,-0.4061461794019934,0.20431893687707642,-0.2018272425249169,32.55813953488372,56.97674418604651,96.51162790697674,73.25581395348837,11.627906976744185
2,$100,<2 socks/person,2,1.25,21094.785714285714,21094.785714285714,44499.42857142857,44499.42857142857,0.0,0.0,0.0,50.0,0.0,100.0,100.0,0.0
2,$25,10+ socks/person,136,16.698529411764707,1.9485294117647058,2.0467436974789925,2.1181722689075637,1.8513655462184875,-0.36502100840336144,0.09821428571428575,-0.26680672268907557,36.76470588235294,61.029411764705884,88.97058823529412,69.8529411764706,13.970588235294118
2,$25,2-<4 socks/person,5,3.0,17803.171428571426,22491.67142857143,18739.15714285714,21549.5,-1878.1571428571428,4688.500000000001,2810.3428571428567,60.0,40.0,40.0,60.0,20.0
2,$25,4-<6 socks/person,8,4.5625,9.035714285714286,1184.625,593.4464285714286,1766.0178571428569,-3.017857142857143,1175.5892857142858,1172.5714285714284,25.0,62.5,87.5,75.0,25.0
2,$25,6-<10 socks/person,96,8.661458333333334,4.026041666666665,4.002232142857143,3.8660714285714293,3.7968750000000004,-0.04538690476190472,-0.023809523809523756,-0.06919642857142852,44.791666666666664,63.541666666666664,90.625,69.79166666666667,16.666666666666668
2,$25,<2 socks/person,5,1.2,32796.671428571426,34677.3,40279.05714285714,38416.02857142857,-3743.6571428571433,1880.6285714285714,-1863.0285714285715,40.0,20.0,80.0,80.0,0.0
2,$300,10+ socks/person,136,15.477941176470589,0.811974789915966,0.7589285714285711,0.5105042016806722,0.5530462184873949,0.09558823529411767,-0.053046218487394964,0.04254201680672269,21.323529411764707,53.6764705882353,96.32352941176471,83.08823529411765,11.764705882352942
2,$300,4-<6 socks/person,8,5.25,0.2857142857142857,0.19642857142857142,0.2589285714285714,0.13392857142857142,-0.035714285714285726,-0.08928571428571427,-0.125,12.5,62.5,100.0,75.0,12.5
2,$300,6-<10 socks/person,126,8.079365079365079,1.6235827664399094,1.5510204081632646,1.3276643990929706,1.020408163265306,-0.2346938775510204,-0.072562358276644,-0.30725623582766437,15.079365079365079,50.79365079365079,92.06349206349206,80.15873015873017,7.142857142857143
2,unlimited,10+ socks/person,136,15.051470588235293,0.14023109243697474,0.12762605042016806,0.10241596638655459,0.06039915966386554,-0.02941176470588235,-0.012605042016806728,-0.04201680672268907,6.617647058823529,50.0,99.26470588235294,88.23529411764706,3.676470588235294
2,unlimited,4-<6 socks/person,15,5.166666666666667,0.15238095238095237,0.10476190476190476,0.13809523809523808,0.07142857142857142,-0.019047619047619053,-0.04761904761904761,-0.06666666666666667,6.666666666666667,46.666666666666664,100.0,86.66666666666667,6.666666666666667
2,unlimited,6-<10 socks/person,119,7.546218487394958,0.06842737094837935,0.05822328931572628,0.051620648259303716,0.027611044417767107,-0.013805522208883553,-0.010204081632653062,-0.024009603841536616,3.361344537815126,41.1764705882353,100.0,94.95798319327731,2.5210084033613445
4,$0,10+ socks/person,96,10.9609375,2.803571428571429,3.061755952380953,2.5870535714285716,2.683531746031747,-0.1617063492063493,0.2581845238095239,0.09647817460317465,41.666666666666664,66.66666666666667,89.58333333333333,68.75,20.833333333333332
4,$0,2-<4 socks/person,13,2.480769230769231,16573.302197802197,17298.587912087907,27974.24175824175,32897.11355311356,4197.586080586081,725.285714285714,4922.871794871795,92.3076923076923,69.23076923076923,38.46153846153846,46.15384615384615,30.76923076923077
4,$0,4-<6 socks/person,15,4.866666666666666,633.7666666666665,1570.704761904762,426.0142857142856,1777.1444444444446,414.1920634920635,936.9380952380951,1351.1301587301584,60.0,60.0,73.33333333333333,60.0,13.333333333333334
4,$0,6-<10 socks/person,88,7.2272727272727275,3.6582792207792223,3.776785714285715,3.860389610389611,3.629329004329004,-0.34956709956709964,0.11850649350649345,-0.23106060606060597,50.0,60.22727272727273,86.36363636363636,68.18181818181819,14.772727272727273
4,$0,<2 socks/person,8,0.90625,42739.54464285714,45659.29464285714,52085.86904761905,51110.42857142857,-3895.1904761904766,2919.75,-975.4404761904765,75.0,12.5,75.0,75.0,0.0
4,$100,10+ socks/person,82,10.387195121951219,2.2099303135888495,2.670731707317073,2.2372241579558656,2.2171893147502897,-0.480836236933798,0.460801393728223,-0.020034843205574908,31.70731707317073,67.07317073170732,93.90243902439025,65.85365853658537,10.975609756097562
4,$100,2-<4 socks/person,10,3.3,8902.992857142857,10315.835714285715,13273.57619047619,16237.023809523811,1550.6047619047617,1412.8428571428574,2963.447619047619,70.0,60.0,60.0,60.0,30.0
4,$100,4-<6 socks/person,37,5.168918918918919,3.857142857142857,4.2857142857142865,3.431145431145431,3.3281853281853286,-0.5315315315315313,0.42857142857142866,-0.10296010296010286,40.54054054054054,78.37837837837837,83.78378378378379,75.67567567567568,13.513513513513514
4,$100,6-<10 socks/person,95,7.481578947368421,3.147368421052632,3.200000000000002,2.890977443609023,2.990476190476192,0.046867167919799405,0.05263157894736836,0.09949874686716798,37.89473684210526,64.21052631578948,94.73684210526316,67.36842105263158,12.631578947368421
4,$100,<2 socks/person,7,1.2142857142857142,38796.40816326531,34793.76530612245,48378.32993197279,52386.79931972789,8011.1122448979595,-4002.6428571428573,4008.4693877551035,100.0,57.142857142857146,28.571428571428573,85.71428571428571,71.42857142857143
4,$25,10+ socks/person,53,10.14622641509434,2.601078167115903,2.1805929919137466,2.1230907457322554,1.9200359389038637,0.2174303683737646,-0.4204851752021564,-0.20305480682839175,35.84905660377358,73.58490566037736,96.22641509433963,77.35849056603773,15.09433962264151
4,$25,2-<4 socks/person,16,2.890625,18733.066964285714,20494.633928571428,19707.654761904763,21170.52976190476,-298.69196428571433,1761.5669642857142,1462.875,43.75,50.0,43.75,62.5,12.5
4,$25,4-<6 socks/person,35,5.328571428571428,271.9204081632654,138.84285714285716,137.84829931972786,48.881632653061224,44.11088435374151,-133.07755102040812,-88.96666666666668,51.42857142857143,62.857142857142854,85.71428571428571,85.71428571428571,22.857142857142858
4,$25,6-<10 socks/person,91,7.862637362637362,2.8124018838304554,3.2315541601255893,3.076399790685505,3.234693877551021,-0.26085818942961797,0.41915227629513363,0.15829408686551544,49.45054945054945,59.34065934065934,90.10989010989012,63.73626373626374,19.78021978021978
4,$25,<2 socks/person,11,1.3636363636363635,29372.649350649353,31932.909090909092,46677.380952380954,46817.995670995675,-2419.6450216450216,2560.2597402597403,140.61471861471838,81.81818181818181,45.45454545454545,45.45454545454545,54.54545454545455,18.181818181818183
4,$300,10+ socks/person,65,10.265384615384615,0.7285714285714284,0.9538461538461537,0.8567765567765565,0.7322344322344322,-0.34981684981684985,0.2252747252747253,-0.12454212454212456,36.92307692307692,64.61538461538461,93.84615384615384,78.46153846153847,9.23076923076923
4,$300,2-<4 socks/person,4,3.5,2350.1071428571427,1182.75,7810.773809523809,7030.261904761905,386.845238095238,-1167.357142857143,-780.5119047619048,50.0,50.0,100.0,100.0,0.0
4,$300,4-<6 socks/person,50,5.11,1.04,1.0071428571428571,0.8185714285714285,0.6595238095238096,-0.12619047619047616,-0.03285714285714285,-0.159047619047619,32.0,70.0,100.0,88.0,18.0
4,$300,6-<10 socks/person,150,7.696666666666666,1.304285714285714,1.3500000000000003,1.5365079365079368,1.516984126984128,-0.06523809523809522,0.0457142857142857,-0.019523809523809495,38.666666666666664,65.33333333333333,96.66666666666667,74.66666666666667,13.333333333333334
4,unlimited,10+ socks/person,43,10.348837209302326,0.14119601328903653,0.08970099667774085,0.11572535991140642,0.10520487264673309,0.04097452934662237,-0.05149501661129567,-0.010520487264673322,25.58139534883721,67.44186046511628,100.0,93.02325581395348,16.27906976744186
4,unlimited,2-<4 socks/person,1,3.75,0.0,0.0,0.0,0.0,0.0,0.0,0.0,0.0,0.0,100.0,100.0,0.0
4,unlimited,4-<6 socks/person,93,5.102150537634409,0.10215053763440861,0.0913978494623656,0.1016385048643113,0.07859703020993349,-0.01228878648233487,-0.01075268817204301,-0.023041474654377888,23.655913978494624,67.74193548387096,100.0,92.47311827956989,11.827956989247312
4,unlimited,6-<10 socks/person,133,8.31203007518797,0.13050483351235231,0.1503759398496241,0.12388113139992836,0.11367704976727529,-0.030075187969924803,0.019871106337271766,-0.010204081632653064,23.30827067669173,69.17293233082707,100.0,84.9624060150376,11.278195488721805
6,$0,2-<4 socks/person,14,2.7857142857142856,18398.897959183672,17069.964285714286,22878.25612244898,23548.09693877551,1998.7744897959187,-1328.9336734693877,669.8408163265309,85.71428571428571,57.142857142857146,57.142857142857146,71.42857142857143,28.571428571428573
6,$0,4-<6 socks/person,18,4.9907407407407405,266.3888888888889,528.1626984126983,631.3539682539681,891.5373015873015,-1.5904761904762188,261.7738095238095,260.1833333333334,61.111111111111114,72.22222222222223,94.44444444444444,50.0,5.555555555555555
6,$0,6-<10 socks/person,139,7.583932853717019,2.91983556012333,2.7471736896197334,2.6050359712230224,2.545734840698869,0.1133607399794451,-0.1726618705035971,-0.05930113052415211,33.81294964028777,65.46762589928058,90.64748201438849,72.66187050359713,15.827338129496402
6,$0,<2 socks/person,12,0.986111111111111,42921.10714285714,43313.79166666667,50328.10833333334,52122.97261904762,1402.179761904762,392.684523809524,1794.864285714286,83.33333333333333,50.0,66.66666666666667,75.0,25.0
6,$100,2-<4 socks/person,16,2.9479166666666665,16392.910714285714,18155.491071428572,19669.679464285713,21657.813392857144,225.55357142857144,1762.5803571428569,1988.133928571429,87.5,75.0,37.5,37.5,25.0
6,$100,4-<6 socks/person,79,5.156118143459913,299.25226039783,180.7965641952984,168.4119349005425,203.898191681736,153.94195298372514,-118.4556962025317,35.48625678119348,45.56962025316456,70.88607594936708,87.34177215189874,69.62025316455696,22.78481012658228
6,$100,6-<10 socks/person,101,7.712871287128703,2.110325318246111,2.2892503536067896,2.1094766619519087,2.1688826025459687,-0.11951909476661951,0.1789250353606789,0.0594059405940594,44.554455445544555,68.31683168316832,90.0990099009901,74.25742574257426,20.792079207920793
6,$100,<2 socks/person,15,1.077777777777778,43385.46666666666,41522.54761904762,49251.53523809524,50374.22666666666,2985.610476190476,-1862.9190476190474,1122.6914285714286,80.0,20.0,40.0,73.33333333333333,33.333333333333336
6,$25,2-<4 socks/person,14,3.095238095238095,14720.372448979595,16401.520408163266,16727.072448979594,18600.625510204078,192.40510204081667,1681.147959183674,1873.5530612244895,64.28571428571429,64.28571428571429,42.857142857142854,50.0,28.571428571428573
6,$25,4-<6 socks/person,61,5.155737704918029,3.4836065573770485,80.07377049180327,3.1667447306791563,18.544730679156917,-61.21217798594847,76.5901639344262,15.377985948477754,47.540983606557376,60.65573770491803,95.08196721311475,75.40983606557377,24.59016393442623
6,$25,6-<10 socks/person,78,7.519230769230774,2.982600732600733,2.7664835164835164,2.7005494505494503,2.775091575091576,0.2906593406593406,-0.21611721611721613,0.07454212454212457,51.282051282051285,62.82051282051282,94.87179487179488,76.92307692307692,19.23076923076923
6,$25,<2 socks/person,14,1.0952380952380953,39800.892857142855,41480.81632653061,48892.726530612235,49360.99285714286,-1211.6571428571435,1679.9234693877552,468.26632653061193,85.71428571428571,50.0,42.857142857142854,57.142857142857146,21.428571428571427
6,$300,2-<4 socks/person,8,3.270833333333334,11120.125,9955.214285714286,12174.375,13579.528571428571,2570.0642857142857,-1164.9107142857142,1405.1535714285715,87.5,75.0,50.0,87.5,75.0
6,$300,4-<6 socks/person,114,4.9488304093567255,1.479949874686717,42.54761904761905,1.4096491228070167,9.584962406015038,-32.89235588972431,41.067669172932334,8.17531328320802,40.35087719298246,78.94736842105263,94.73684210526316,78.94736842105263,19.29824561403509
6,$300,6-<10 socks/person,136,7.5637254901960755,1.440651260504202,1.509453781512606,1.2157563025210083,1.1221638655462183,-0.1623949579831933,0.06880252100840334,-0.0935924369747899,42.64705882352941,73.52941176470588,96.32352941176471,75.73529411764706,20.58823529411765
6,$300,<2 socks/person,2,1.5,4694.5,4694.5,44943.385714285716,44943.385714285716,0.0,0.0,0.0,100.0,0.0,100.0,100.0,0.0
6,unlimited,2-<4 socks/person,4,3.7916666666666665,0.14285714285714285,0.0,0.17500000000000002,0.25,0.21785714285714286,-0.14285714285714285,0.07499999999999998,75.0,75.0,100.0,100.0,75.0
6,unlimited,4-<6 socks/person,130,4.829487179487179,0.12527472527472527,0.11043956043956042,0.10670329670329662,0.08428571428571424,-0.007582417582417581,-0.014835164835164838,-0.022417582417582422,37.69230769230769,69.23076923076923,100.0,89.23076923076923,17.692307692307693
6,unlimited,6-<10 socks/person,136,7.479166666666666,0.12342436974789912,0.11869747899159663,0.11869747899159663,0.12027310924369743,0.006302521008403357,-0.004726890756302524,0.0015756302521008458,40.44117647058823,77.94117647058823,100.0,88.23529411764706,20.58823529411765
